row_ids,truth,response,file_name
56,NA,-9.045170453418939,9a856422-27a8-4ab7-b936-9532982fbcc4
57,NA,-4.295010405525454,06b9f277-ecaf-4f26-9992-b2b343c64592
58,NA,-70.58424650138835,2f12a765-c3c4-400c-9765-56bf1cc4a10e
59,NA,-14.486734906225712,2fff27b4-5e6d-4928-ac2a-cd14cc7d914d
60,NA,-51.894721592942595,eaebe02d-406c-4499-8ff4-20b98702792c
61,NA,-8.603693290360578,16a248f2-9b21-4cfd-b3bf-1817e692d20d
62,NA,-45.03717167630305,08b1942b-5abc-4e06-8ca7-ef62cf7209e3
63,NA,-30.88462283861847,fd911aa9-122f-4d85-8a59-6a6c032b69f8
64,NA,-29.21102183818922,0c140462-f26e-4d98-b49d-17a6af669919
65,NA,-31.54663648265963,2d6b4ddd-ceae-4703-97f9-cce83beecef3
66,NA,-28.85096523059062,3728822d-43ab-4cda-8b0c-d4b1ff402485
67,NA,-18.198410288702092,2bc73f03-f0e3-4e41-b909-d9d89405e09c
68,NA,-57.84016973540845,4ac05836-589b-4640-8026-41959c0d50f4
69,NA,1.8693891192275947,0b5db044-cc84-4ed9-a5b9-b382927e2b54
70,NA,-18.418813357027865,25e152c1-bbdd-404d-853c-d21d6e6d2962
71,NA,-25.913843499566465,314564ea-f23e-4097-9932-b02792584857
72,NA,-13.367003472402926,1e35ac73-0f87-46b1-8a2f-66276bc9fa02
73,NA,-1.219127161088947,14862167-5eae-4c97-9537-b5435e63a7d1
74,NA,-29.853938625681128,b2f45b71-e522-464c-bb3e-a3f3e17ea86a
75,NA,-38.534681637266715,9bee04ab-cf4d-4191-85c5-d413d3e4c05d
76,NA,-17.759481397237963,cf1a0bd8-1f5d-487a-90a3-efd038575b1d
77,NA,-14.365608460750114,1e655307-21a7-430a-8f85-a2d5f8b26662
78,NA,-20.853571554865745,a6619a5f-fd99-49f8-8e41-2d28b8bd54db
79,NA,-96.22887931373731,8ec15c44-02be-4687-bce3-68f468452f6c
80,NA,-69.16599457497662,b7e225b7-54a3-4c98-9164-50596ed047ee
81,NA,-41.49972083419547,12d35356-b491-4718-acc8-dc365d40581c
82,NA,-78.34781185653341,70fd4ee9-d29b-43f6-a434-149b7a65197f
83,NA,-12.392474967015959,d8ad017c-bf83-42cf-9d46-4f47c8d28a8f
84,NA,-40.22123498509899,392b1414-ea30-4f14-9797-8e7798dc1341
85,NA,-10.633890751891746,9189b3b3-9331-4b1a-8abd-dc5f37af919d
86,NA,-7.094992074617913,e61b4b6e-6426-41a8-a959-99d300d5c531
87,NA,-58.167321182127516,db48adca-406c-4b3d-8e51-41e9ab1c24be
88,NA,-61.719072390375516,9f980b87-f3dc-48e9-9d65-a60d314642aa
89,NA,-50.19074076504218,acdfe319-b98d-4208-b528-6841ab3514b0
90,NA,-23.49415860985111,94d4253a-b7ba-4138-b893-cdc493a6a5ee
91,NA,-13.03066972627207,d5bcfbd7-b6fa-4e41-860c-0a858c0e480f
92,NA,-8.947626287831334,32ffdfa3-91d3-4583-811f-40752d73182e
93,NA,-32.68231973681574,1c3782e0-ef74-4e89-ba39-07b30cd4afad
94,NA,-8.732718847511526,c2a6ca43-0e81-42fc-8619-3e2f1bf2469f
95,NA,-23.145788296261298,d512620a-6a4e-4f8b-88a7-3dbad09b951d
96,NA,-23.933263414703166,61883003-3126-4d8a-aa90-3d9f8725683b
97,NA,-42.06490008156066,147ef440-83e0-4363-a888-24d3dff94c9e
98,NA,-31.14461975070706,2a675a2c-53ca-4fa1-80d8-d9d59bda26d9
99,NA,-113.25485607385475,233e6b31-248c-4487-85a7-c04c77fb0bb1
100,NA,-4.590103649797342,209d25d9-f9d0-4348-b137-78ab12be1fc8
101,NA,-12.742750807046727,9e0d6f6d-1603-4a21-9106-220f85f05d4c
102,NA,-13.20538101611275,46d6837d-c3c1-4e25-acb9-717a6fe513ff
103,NA,-31.92538789845313,adda4f57-c727-4e28-a719-9745a44ac099
104,NA,-57.351279189559826,083227fd-5547-4b9b-a62d-8d78c529618c
105,NA,-39.17134179919109,2be1e943-4726-4438-8b1e-29e40c3ad82d
106,NA,-9.636174228376506,a9905756-47e4-4ecf-9122-dca6f41b0f6f
107,NA,-10.728451773565327,05bbb953-4b8b-45da-861a-3044c0ba4716
108,NA,-21.671106890229424,c51397e3-6fa4-40ed-b822-f3af8adf80a0
109,NA,-26.838487154788073,9f972b99-91b4-4b27-b281-4aabbf2c0cf5
110,NA,-30.005560126272112,08bf36be-d2a7-4cf8-b514-96cafe0a30a1
111,NA,-25.004595269878084,1eb99d39-5b01-47df-b83b-6c4fc1328dd5
112,NA,-20.45734980333951,7321d9b7-5588-4ac1-a5ab-c4fcab93b849
113,NA,-29.3426655391623,0494b587-7b21-428b-be16-111bb3bf8631
114,NA,-17.38324380256599,85eafb47-339e-4fe2-b46a-757c894bf599
115,NA,-11.319857216925326,3d71658d-130e-48ad-ae66-05a127c2196c
116,NA,-24.728223529955176,c84c0a5d-40be-4488-b16a-f17076fbaa51
117,NA,-30.37452011860221,1f108190-3a84-4f4a-8d99-2621ccac226d
118,NA,-20.782536024125324,dd2da920-7ddf-4664-aac3-77d123a01bdf
119,NA,-28.574832892581764,32a463b4-1c84-483c-aac4-32abaffb79ff
120,NA,-13.980843795315462,bd588720-e890-4210-bf17-bc0ad7cf9471
121,NA,-0.31794330953079614,4230c731-8700-4905-b66b-83536c8d0bb1
122,NA,-30.13153239493881,167b15d4-cb5c-44d0-a04a-e4e9576d1be3
123,NA,-21.13491438419958,cba6ef52-dcf8-4b0d-b858-ac0e0ee76bfe
124,NA,-29.797839886625685,3c7b6176-c578-4d2d-bfdd-d2a2fed509a2
125,NA,-47.41845082235122,d340b888-151f-443f-950b-f9e5555509fa
126,NA,-35.376191272188876,7986dafe-0e82-47f4-8da3-1dc1575a0ac0
127,NA,-49.3897201338401,44200349-38ca-4d9c-9298-67723293e72c
128,NA,0.4632455686538106,b48ec0d3-a63b-4f93-b8ca-14875377724a
129,NA,-45.05251548778479,fdf2cc9f-9399-4e7f-9fac-309cf00d928b
130,NA,-65.7937756224664,e3fb8ce3-dc67-4f02-9e0b-41c2181ef0de
131,NA,-25.840688857951264,f88b3d7d-3895-4050-b370-656d0919bd8f
132,NA,-14.737969624512019,8d63fcda-9ae7-45ad-a94e-beb5859004ee
133,NA,0.8023107304865628,a5a4ab05-88ff-4512-be4e-4fb65c4c3db7
134,NA,-68.37866508293268,43ae985c-ff38-4640-8fe3-10fe00c6b322
135,NA,-7.7850556964939805,dc5a3457-e098-4572-86c7-d58e6ecef772
136,NA,-41.284569646797735,68486f51-6fd8-44b8-a643-5283ff70c38c
137,NA,-30.100501901373054,84bed714-c86c-47a1-af1d-b72840273a9b
138,NA,-21.07406395854219,66330a7d-9744-4d05-9ec6-787ccb3b0f47
139,NA,-29.657760857549835,fc2dab28-c31b-40cb-b0d3-223016540d64
140,NA,-42.96865997734887,b5c1b64f-e2ef-4e89-84d1-0de8171ee3e6
141,NA,-25.426887439543204,0ee88d9c-2f83-4a34-aff5-c94e27a83c8d
142,NA,-24.172380164105412,de2ca9be-10dc-47dd-9101-44dc02b2bdce
143,NA,-15.253719308884712,f130c71b-1629-4674-92a0-c767dfb4eeee
144,NA,-19.77563507400293,47be8b73-b6ea-4e17-8e0c-c14c7ff02122
145,NA,-30.014854331063603,19445b77-3101-4b30-8e4e-87766610c0d0
146,NA,-8.681102118434637,0fca7b43-2810-4fcf-bd1c-f9f9da366038
147,NA,-38.267143721365805,08df322c-7c0e-44a0-9dab-fb371cb31efb
148,NA,-40.271476123124536,0b996a43-9c25-4313-971d-687f0ff7e133
149,NA,-15.898107841410878,3ccd1b19-cc16-4ad2-9dab-8b900cf6a5a1
150,NA,-4.9922701509292144,3e40f0b9-3326-43b1-9fb3-0e6479955cb9
151,NA,-49.038413305681594,2a574561-0470-489d-9f5d-178dd4da74c5
152,NA,-33.71173906508036,f7209da3-722b-4ac3-b957-ecb7402c5121
153,NA,-11.083095370427758,6399dc78-5784-490f-a20d-998554980012
154,NA,-10.85120753159391,805acd45-677a-4d84-8281-0c40bf4996d0
155,NA,-6.881317225839238,f33c4f00-b105-4e5f-adae-a10fac9547ca
156,NA,-25.09344855597399,9da2fda3-2abd-405d-b918-9808b580f849
157,NA,-11.454506900710971,b1b2c2c2-0b5d-4948-b019-8f27dd1e4d6a
158,NA,-18.704187460329184,28280645-b34f-4b0e-8551-4f747f77f299
159,NA,-31.883099603302572,f2f8e7bc-0133-4a21-bf58-10cb27b39755
160,NA,-19.3164229745763,abdbb7e1-f768-48ad-b3fb-a357f746d8fc
161,NA,-11.0899910368523,75764a3e-29a0-4d07-a262-5524c58fa779
162,NA,-7.216661066313414,bdb1b32b-f903-4ff5-adc5-1adbd42f0018
163,NA,-18.16665751509864,cb3d7da5-bd29-44c6-8308-d40fbafa83d7
164,NA,-34.665254834761214,2033eb4f-f07f-4810-91fc-850f085d1da4
165,NA,-62.15081468144685,56100ec7-8a17-496d-8617-31b42f45c161
166,NA,0.7524438678990946,0a540449-152b-4a8a-b4c1-73d9a8a712da
167,NA,0.22967974872422633,2672526a-2900-49fa-98e2-b244cba046a8
168,NA,-9.97886630568701,b5584f3f-9c14-4dbf-8981-7529d9cc9e48
169,NA,-55.423477943317344,df8bd4f7-b06d-4345-9ec3-aed43752ed0e
170,NA,-29.669465537231584,521eafe4-01bf-4aa8-ae7e-0587e2fb99fd
171,NA,-9.975498982247942,b8fd6ee1-e7c8-4c43-aaa7-bbfbfde16cd2
172,NA,-27.522920902164945,7e3073c9-e3d4-4a08-89b4-24528e04804e
173,NA,-47.32457747855315,38b48a78-a757-4def-b7fb-1cdf9ffba379
174,NA,-104.6998390608066,08dcd1d8-a3b5-48c4-ab8f-a5016daf63d3
175,NA,-35.95099420903537,5e35fd9e-7279-4595-bdb3-27d21e4ba5fa
176,NA,-21.854542465759,434c3a27-af20-4682-85e8-22d3cd435d9d
177,NA,-17.654031150538422,a487aa03-258a-4bda-87f8-ded765f8a347
178,NA,-39.907330017039484,f3c46fae-d18c-46e3-875a-3476c55e44b2
179,NA,-30.11649369781691,740e8cdf-fafd-4dd6-82a0-ec387b20a37e
180,NA,-23.70298383235725,050131af-3dbe-4243-afb4-3d244b3c811f
181,NA,-43.10967023822291,61aa0f4b-7a2f-4261-beee-2a86e607ca98
182,NA,-26.28440209875559,eb483e7a-fe23-4b42-8317-00ae6a590a42
183,NA,1.5819188041158156,f9131fd7-55e6-49d0-9de0-fd7ba1930a08
184,NA,-19.470725227673015,5e4c8011-ce02-45d1-ad28-0cdb5298e770
185,NA,-34.525399634126934,7cacddb5-48c3-4174-8674-9c0e74c9b6ad
186,NA,-47.13096436830216,34617c0d-8d37-40de-a208-660a73cfc4cb
187,NA,-27.559931479842806,60da62bd-de6d-4b19-b56f-e5cea1146588
188,NA,-32.80815753976766,29774d01-31ba-4ef6-a0cd-fc405ca38efe
189,NA,-25.39971237975513,f8498c1b-9fef-4915-96f9-3def89d585a6
190,NA,-53.09875582368524,39bf9f0a-4e12-4a81-aa3f-22ce63f8d27a
191,NA,-33.42955286780218,1a35e230-2471-4965-8b00-7c1ae932d3a8
192,NA,2.6965848849196,c009cb65-9a88-4f4a-8adc-79643044ed70
193,NA,-61.174739854715995,7ab48514-b24b-4415-bde4-462d8982c910
194,NA,-9.938048378068572,807a2ba6-e22e-481e-92b6-557acca36460
195,NA,-14.816678937618429,56f05f21-2d25-4471-9e51-f3cfd9332a8c
196,NA,-34.24129891987207,6abac00b-ac00-47e5-8c1d-2d697db1c0cb
197,NA,-47.06400804032758,aa43bf5b-6618-4bb5-8de2-6554cc98c115
198,NA,-64.74818064545585,cdda6aee-e393-4aac-a1a5-93fa7984ad66
199,NA,-19.31909149451931,4a86f9a1-e98b-4783-9e0f-8904997b0f89
200,NA,-28.53596775330282,09054fbb-1b70-48b6-bc41-1340862237e5
201,NA,-5.27146500419776,a6989c7c-dd4d-4716-88b2-0ff42543080d
202,NA,-46.01734124940606,6ac09968-001a-4ee8-9aae-c3e7a46c728f
203,NA,-26.07890000651891,e90a9fec-4e4a-4658-aa64-7213980dbba7
204,NA,-23.20578586696059,d1305843-a9f4-44ca-883e-46e3d518ad24
205,NA,-27.124928085766605,ed9513cb-89a6-4f5e-afaa-bfd47df25f01
206,NA,-30.050305894158946,9ad325c0-6240-415b-9c7e-152814e8917f
207,NA,-0.3426763196303454,bb78dcbc-a8cf-4a78-bba4-3979e9a9e715
208,NA,-41.39273782983183,65c5640b-629d-49be-bfa5-8338578ec8c5
209,NA,-12.081043271323283,244e24cc-fd21-4c32-b64a-738c431d906a
210,NA,-3.9264971385491316,da001b46-0e88-43b1-a03b-8f315112370e
211,NA,-19.15262364899566,871d7770-b9e8-455d-9c7a-77e8b5eb9f95
212,NA,-20.831891939124883,7aeeeae6-6243-4c04-99c9-6609949a0436
213,NA,-2.3378015430460763,9c11aa57-3406-40a0-828e-590854118d6e
214,NA,-2.595220865061974,0c7a9377-9787-4ea5-aae4-9e08665aab78
215,NA,-48.37231694220771,0693ceb6-b56c-4293-9c10-9869f55bf85e
216,NA,-15.59089339035864,12f84876-ebc4-4d39-bd44-3a73cbb82650
217,NA,-29.714932407717168,9088aea9-d215-4eb7-b0d9-cb66b87d1f31
218,NA,-18.771389961669097,822150f4-4085-40be-a6c2-610e2a151c28
219,NA,-15.229298295953178,5ed8be3b-f966-4974-8920-344a1c3687e5
220,NA,-32.58063154669745,43ebdec7-cdde-4b82-bdda-8339378b794d
221,NA,-40.13698702564467,c18f0ac6-1a90-4786-978b-b23eba693b1f
222,NA,-16.078168308410653,c69e5a23-af0c-48b7-b8f5-3c1075974812
223,NA,-36.52177875851855,eb908245-e14f-442f-a9ce-85e66c169d73
224,NA,-17.792676945495014,59873db0-9edb-42e9-aecc-7108c0176909
225,NA,-18.405821711903208,e99d4833-8c2c-4d2a-a8ee-441a4f041b1c
226,NA,-27.078456241653072,eeb197bf-8e25-47e9-afaf-e42dc3f5541a
227,NA,-19.19524664096073,f6ab9c8d-9cd1-4803-b44a-402165a64523
228,NA,-52.3465828808735,9316e258-e626-4a41-ab07-85210c5290b8
229,NA,-6.555140300243689,2420fc74-a8a2-44ab-96d3-7cb6636b72e7
230,NA,-18.10044126329411,917ab8a9-c11a-484f-8490-42b31f28f785
231,NA,-37.42677537957372,9065c212-827a-4703-85c3-56fc39689c59
232,NA,-7.043930536750151,19157b7f-adee-40f3-a215-e5855541bb1e
233,NA,-35.13737723247472,6d98efb6-45ab-47bb-a206-f1af1711097a
234,NA,-36.59499037648843,47de1431-6475-4db5-9a56-63c3650b2356
235,NA,-17.890086230212273,476a249d-6cc1-469a-8638-1d44a2822a7b
236,NA,-27.795777939903232,70df5df0-50b6-4aae-a162-cc99ae687418
237,NA,-10.677046353748418,8a602089-2afc-49de-9fb7-e2476af3a59a
238,NA,-32.28448091754898,1b81b3be-48fd-4510-81a1-0795de43907b
239,NA,-19.537611273924284,769ad26a-1ab3-487d-8645-97b5638cfe6a
240,NA,-62.31864325703354,b1f5eedf-cafb-4585-b9aa-2e20f9f60066
241,NA,-21.215555416879653,94056b86-1823-4e00-a170-42ca6069014a
242,NA,-7.332901514654419,98f31bc2-2905-49bd-b2bb-c2fa5aa313b0
243,NA,252.95049120794542,c94ecc2b-103a-4604-be28-deecb6c64d60
244,NA,-20.59352943161854,01b3e7a0-9d1e-4072-a5c1-43c2f79764b6
245,NA,1.4935358284858211,e192da21-43a2-4a8b-b656-088bbcb4e472
246,NA,-32.92534157683456,c000c10f-6fb0-470d-9ece-281d7106be58
247,NA,-26.11802707294241,2472d7e6-bda7-4bfc-a51a-8d779c74eeb4
248,NA,-18.190353756768953,da6795f9-c2c4-449e-821b-cea5e4e20cb0
249,NA,-28.201996592607497,2ee1195e-4b7b-474c-97ad-9d339214d08f
250,NA,-14.199155882520282,c0db087e-6f6b-40ff-be59-d3ad636f5337
251,NA,19.21592840499965,6e364595-4cfc-450c-ad92-24a69c79c755
252,NA,-11.045597126731412,1a42ddf6-1afb-4a06-8a87-19837c3236c4
253,NA,-34.16804821551134,3108a6ba-c776-437e-8a83-8c551abd3513
254,NA,-57.95952283824746,6e9584a5-2bfa-4c58-8b19-03e4184282eb
255,NA,-9.75777071379603,0c36b561-2b38-4c91-81fe-b19248c44422
256,NA,-21.66265059262511,b30e9f3a-ecb5-4fb6-8861-80861f4075b4
257,NA,-12.746623973683711,556c5d88-4709-41d1-8bc1-c2f383c1e3ba
258,NA,-18.389438327062052,d7a5b190-77d1-4766-9f0e-0e9f0c083717
259,NA,-69.95736014773328,741e51fd-4360-4e80-9a34-50a22df1f43d
260,NA,-46.103170333650844,468bbe56-015a-45c9-9d2b-f47a0151c9c8
261,NA,-41.04569455719563,73e00413-cf2b-40a7-b672-aa91127bf4a4
262,NA,-13.132587456789226,e5ee0383-6fc3-4bd8-a7a7-5cf2c6e2bb99
263,NA,-24.013110184566635,864b0ef0-a8f3-4944-84c3-09c2ae8e865d
264,NA,-26.71965869706761,966a5b1e-7050-4fa6-9a22-0a7b9eb06dee
265,NA,-29.62235554437686,23a10977-df02-4d0c-8619-ec72734a688e
266,NA,-38.52897219481886,23724e26-dcba-4d15-8483-3e23b6f8bbab
267,NA,-4.673640310773006,eb548f5b-1bfe-4306-9fee-3491aa7f6d42
268,NA,-15.41488886101299,b98c0e04-42ba-4053-8853-31ac9a05362b
269,NA,2.760860663537118,d2ed3ebd-b669-45b5-9ffa-ebcf385a8dca
270,NA,-19.8008106828139,8b9f9820-e202-4ccb-b038-cd8e2ce499e2
271,NA,-22.52264281844734,4e950112-41c0-4ff0-9d0e-75aafaf5df2d
272,NA,-2.746826003059488,25b2ac45-2875-4708-83a4-ec3f9bd03427
273,NA,-32.395173489735214,0c2dc588-b89c-4a9a-9230-670c6a6af744
274,NA,-23.881376802457968,e19310ac-8dda-4550-8f1e-6c393edac919
275,NA,-10.529470219848209,23ce4368-9d6a-4fc8-a1aa-661414dbc180
276,NA,-18.707021332407553,0c529207-dece-48c3-9968-d9244749ad82
277,NA,-39.45475582404712,7c04785f-09ad-4e68-8e6c-3b60c1efabd7
278,NA,-2.5629769912293097,e123d08f-fa8d-470a-999d-174f5c0dc04a
279,NA,0.035973648814267234,54cba4ae-6077-4679-bd8b-d12451ecf78d
280,NA,-50.478713078687456,2d5509a1-627d-4182-b727-a6c8f27182e2
281,NA,-23.907438916317748,8fd3b86a-031a-44bf-840c-2b631d9e704c
282,NA,-41.05437577129875,f6c23150-8009-4de9-919d-8814973af20b
283,NA,-39.62645800677039,f0339554-e555-43cd-be40-a1fc6d5c53ce
284,NA,-28.349420276074568,c61f1eb8-556d-4121-b3fb-c3e239b370e7
285,NA,-38.894254407424064,55510438-6d21-4309-928f-9f86786312cb
286,NA,-16.984135929817747,e26b8de2-31b0-4ed0-b429-383d20eb53b5
287,NA,-2.8958763232161866,2798a8ec-9cbb-490f-86ea-b91810385319
288,NA,-16.363440848943984,001cfe8f-6e1d-439a-ab55-629f8bfb1c25
289,NA,-31.665552000494365,026f4587-5b37-4312-a374-c46ee36829ab
290,NA,-55.672632264508316,3a39e135-430b-4858-aa0a-54d3a68db335
291,NA,-26.647579388112227,69c4d355-ccb9-4e0b-8e29-c15a242a4cb1
292,NA,-60.89203353920923,0a238ed3-971c-48a5-b34d-eafa4e4ed448
293,NA,-53.15030907067824,bfcc7d54-3213-4263-a8f0-0479eccb4da0
294,NA,-27.532600856373325,da44bb3a-dcb0-4894-a51e-1759334203e7
295,NA,-29.41226633720719,80aedc57-c277-4633-9b3f-ef64be5a18b2
296,NA,7.9569077920930305,b4094962-d358-49c7-85d9-a3d1cfab2214
297,NA,-28.058548010969062,4f86342d-56a1-4508-9f90-58530b3bd952
298,NA,-39.637918804798304,3d4c462c-32a0-4858-bfef-e48b7091555e
299,NA,-4.5884224286927084,b5c14cec-8923-416d-a2d9-8202c9ddf561
300,NA,-13.11259868271297,29ddc0f0-206c-460b-92e7-f27f244799be
301,NA,13.830353606502525,a4332ff0-9696-4327-8b18-d956b9b5cade
302,NA,-39.69703832744662,f897b817-b897-4259-a41c-053cd6c2fc60
303,NA,-2.450241680577663,8d858683-bfc5-4e08-8a99-69dee5db8fbd
304,NA,-16.254541422488213,50329f23-1aae-44b9-bf88-4aba63f445a7
305,NA,-43.85570945053872,3938ed9b-38d0-4c88-aaab-ac977798438f
306,NA,-3.339925751013263,b242d26d-5e52-4d99-816f-e1cae3a36917
307,NA,-17.593253764072163,cd43d38f-230f-4a29-b193-683d1b97fe71
308,NA,-18.392509600064503,2fdbb8fb-9a93-46e1-a62a-1141dd7da48a
309,NA,-38.78756134750716,035e7dc1-08d6-40da-a550-1d3fc1bfa2e7
310,NA,-31.31888158836971,e263c200-6860-45ff-b876-6426246798c6
311,NA,-30.88887369193963,17af899d-b10b-4ed8-bfdf-e61393f5e983
312,NA,-16.377780231720752,198aea6e-88e9-4bf5-a08f-f32b01e017e7
313,NA,-34.90281768730052,7a94d8a1-ae96-43e3-a9d8-8953af78df94
314,NA,-13.87635648611387,50c073dd-0937-4cb9-b7b4-f08926bbbcc5
315,NA,-10.783299536713859,2202d90a-e346-46df-a49b-09ffb7b22cf6
316,NA,-18.72163079388088,f713691a-df6d-4c44-a9bf-81d45ea69d61
317,NA,-23.395887832441286,4a97b6ea-dabe-45f2-8824-45690886e506
318,NA,-73.94565374472373,2109e5d5-43e6-4ca8-bd8c-8f34489437e8
319,NA,-35.88635737593195,547667b4-173c-4ead-b64d-b0d374dbd0e7
320,NA,-21.33420396229507,0861ee92-a3c8-4ab1-ac17-1e89b85284ee
321,NA,-59.90369320954789,1e670d11-7516-4e03-8ec9-8a08514efb78
322,NA,-49.9674679881026,e8789595-7a45-497f-8d41-ef297d9b3378
323,NA,-23.971462038842194,3394c05b-c0bc-4da1-812c-852a4030d53a
324,NA,-37.10123983482883,6323b2ba-dc70-408a-9533-3288d06dac00
325,NA,-21.00494080220032,3e5fc5c2-999d-4c9e-a6c8-2fc4fbaad7c1
326,NA,-30.506536981895227,09ee4223-5e0f-4f13-9634-4fa80b35948c
327,NA,-36.56291322467092,2f3c5a2b-9732-4989-8aa4-8683157b4f11
328,NA,-28.023527733880716,99bb2eee-8460-4301-b5fc-ba12c668d08a
329,NA,-18.40897467119981,e4d205e3-b6d2-495d-b81b-d7b64c08d5e1
330,NA,-15.253775064083815,d043230f-44b9-446f-9af3-da90894094d6
331,NA,-74.98566538487631,b7af276a-b8f5-4a3c-8cbd-121186f11c36
332,NA,-38.08776217273752,c0982e31-0ce2-422d-890b-538ae585b69e
333,NA,-29.438286529899347,9934181c-8472-45de-ba46-f5ff1863af25
334,NA,-10.431588837602185,62eeead9-c93d-4dba-a2f4-586a13ad4ea7
335,NA,-28.216511568769096,8d38156f-5309-4b5d-a293-e1a0f1ada67b
336,NA,-17.30442789545493,b0829ff3-92ce-40ec-bde8-9de00566cd5c
337,NA,1.8537794210907619,0be9bcfa-aa98-45b8-9648-890cfa07c4e9
338,NA,-30.946929587955662,5d94f92f-2991-4c5c-9bcc-8c2daee4c907
339,NA,-7.291401371543322,a3570e0a-7d74-46b3-8087-414c99e824c8
340,NA,-74.28300059662499,3229e473-fae5-4ea0-86ba-88958beb8e06
341,NA,-25.992677934742442,6095f562-35b1-46e4-b3db-2ab498c16f16
342,NA,-14.748168585184597,3f41f75a-ffc8-48f1-923d-87fd44c28aff
343,NA,-29.111682616987835,38d6c8bf-a768-429d-96bc-b6c773a566ab
344,NA,-16.903413887049613,a6b99059-69a8-4935-8f69-d0e9ee30ea5a
345,NA,-27.139189538982606,a8e41ebe-7c5e-4fc9-a7a2-3c9c42066382
346,NA,-1.4928053742797616,7b6cc47c-897b-453a-8170-945eeec8a6da
347,NA,-7.277915619193513,7ddd6269-658e-4ef3-956b-9d095b4eec30
348,NA,-32.1983334468906,b36e6ad1-4601-4e92-b9ea-9a729b6d873d
349,NA,-6.864187296155046,40d5d05f-a2d2-4bb9-bc36-65af9664e388
350,NA,-16.52403923943278,936d2922-290b-4b12-b67d-42b4466939a4
351,NA,-19.136918131809736,339ffa9f-b161-4793-83dc-f1a1485600f9
352,NA,-59.034580363545274,05d307d9-476b-4e15-bb31-ac207b2ba41f
353,NA,-46.650839015477395,ca667d02-0c68-4ece-8ede-a81413a629a5
354,NA,-33.28650253210391,82b4d7fc-0753-4201-927a-4a8e8ad974bc
355,NA,-10.715193306466878,ef23aadc-bbe0-4070-b3b1-4e5d84b0e0ea
356,NA,-11.669609032855906,8e0dceff-a192-4a03-967d-1aff965ca4d2
357,NA,-22.6946657615618,5762e95b-ab5c-48bc-8708-c374210bb99a
358,NA,-52.47361133793444,6482ddb4-3def-4d4a-b887-e59cc628f5ff
359,NA,-22.134533122206623,e4486f5c-8843-467f-bd99-ff0aa8126d6e
360,NA,-7.743258629205226,7c1b20f4-2314-4523-9471-6a9f8c7aee0d
361,NA,-26.910067318707416,a3c64be0-748b-4709-8591-44b82b0db328
362,NA,-0.9947876795158532,6fcf4f4a-cb4c-4908-9134-f53a61d9642c
363,NA,-17.009081334910512,93bbec66-e574-4c6a-96cc-24c4c1cb41a7
364,NA,-10.630270667336644,2ccbddda-da01-447c-b399-98770105048d
365,NA,-5.70620138743516,ccdb4cdf-6e04-4251-9882-9f85cd7495dd
366,NA,-20.81824975580838,10d214b0-f69c-4d30-a1ea-24ee5ba64cab
367,NA,-19.521261113504572,1075a6d9-44df-4720-ba41-8050ae748344
368,NA,-36.9157251362165,ecc7f525-2fd2-4a5d-b7ba-953e1e26d00a
369,NA,-3.4793207573631006,75419d04-27e7-4e2f-bc88-22262707ffc0
370,NA,-35.24041488423951,a3990f5c-0761-42cf-8ddc-a81d23dc0f86
371,NA,-15.60119772416633,380f27a3-723d-4d2a-8515-d95c5bfd4381
372,NA,-40.13302139224896,a9df4e32-bac0-4fd8-a742-9d3bcc8d8837
373,NA,-14.91190394329902,72c06eb9-7cfc-444a-a0af-f300ddcf2704
374,NA,-36.836262504793716,2ddbf110-a158-47bc-8da9-6705c563ce1d
375,NA,-6.068945463288581,3ab924b6-15cf-4a1a-876e-1d3bc9b60c5a
376,NA,-52.45576541578838,bf8d55a9-9128-4a7e-baff-4826b73d861b
377,NA,-56.76410267348089,db9cb4ae-07f5-4599-9e0b-b2289cc487d9
378,NA,0.6308709820764915,acec0bfa-be97-4684-a1ce-7aeacc1dbacb
379,NA,-34.38815210642076,9ccf0977-1b71-40b5-b22d-4a839d055ff4
380,NA,-35.12116593724378,a55a5114-d042-45e7-b467-ca4776961287
381,NA,-19.20814032444426,f66fabc1-1e97-4c21-a63f-5313d362775e
382,NA,-15.14710313649531,2db163c6-36c5-4fc5-b677-357d38b531cc
383,NA,-28.011105538238844,ce7375f7-b7ef-48cf-897a-59d5df6253da
384,NA,-58.202151511416794,de0ac7a9-1056-4422-b428-c79181273c66
385,NA,-7.123042563746836,88233941-a963-4b16-b03f-9f109aa12b61
386,NA,-19.20124613905055,a3e5735d-a095-404b-902f-39c8589ac67e
387,NA,-34.988010960739366,7cca1b38-779e-4cef-b0ab-4bc45994f4df
388,NA,-49.197797015483424,5651e947-75df-4f0e-a2fb-1722d5751fc9
389,NA,8.786754106136213,2350d875-e719-4d8e-94ca-ec1c29fac3ca
390,NA,-40.06060272441324,a4bf94ae-15f5-46ff-8eff-8d26a4d04150
391,NA,-22.580553839369525,50fc515b-a665-4dc0-b1cb-15cc018f12b4
392,NA,-49.13251941939067,a6cd4b64-d26c-47ae-8e30-f07be795ba2e
393,NA,-28.703358912846845,d5751803-11a6-484f-af04-4e234db3c5de
394,NA,-26.68704731065378,7e6a0574-9d6d-42b6-9275-2fecc7587c0f
395,NA,-51.67667099673211,74c5f3e2-ba66-4d3e-8a44-6e97ede2ef22
396,NA,-53.199227893554394,c49be39e-dc30-440f-88c1-1aa5b05bc505
397,NA,-27.440146105392476,869c06bb-c3f3-454e-b43d-3bea53585540
398,NA,-32.30582147366547,6718463d-6f44-47c7-a622-c149f344ffbd
399,NA,-32.24805498248713,f4580f79-776a-4263-96f8-8125df218087
400,NA,-27.348995552672264,775b0ee7-6bf8-4ee1-9061-0efd7393d49a
401,NA,-48.984581429196474,e5c4a8d4-f43f-4dc6-913d-3b2005326fc2
402,NA,-5.874604962867138,78f27be3-fbd5-4847-b2a3-b9700c512353
403,NA,-22.216568984458846,404902c7-47fd-4860-b7e2-e682d8a1880a
404,NA,-22.602592060976257,7bbee063-8892-4e22-add3-77bfabbfd0ad
405,NA,-81.25388518069076,c7351fb2-1872-44b7-9189-412fb0b5cf6a
406,NA,-38.61658558679285,fd7f8b01-5209-47a2-b7ea-054929f851e8
407,NA,-21.837852346536057,30a85d1a-7022-4fa5-a908-ec0dca4fc202
408,NA,-59.52666523158995,c117f486-fdbe-4fc6-b73d-793353ec4051
409,NA,-21.73488624107636,c55eba70-26eb-410e-ae89-38002be84a92
410,NA,-21.76043126848022,7298e35d-8405-4662-bc88-6d9fecb41286
411,NA,-46.111932864916746,4c9805fe-06f6-44e9-bec8-2c62a813b2cb
412,NA,-16.869143788059212,61521805-104e-45ab-aed9-40c7b6aef216
413,NA,-35.11535361380753,e7766ea7-e3c8-4bcb-ac94-1811088a0aea
414,NA,-10.957202026718031,acd579de-3565-4165-a580-39b669295867
415,NA,-55.032616098239224,338cc1ad-1ecb-4440-9c0c-3f4002110d50
416,NA,-61.89567033792268,dc1637a7-e6ab-4e2d-bcf7-aafe245df5aa
417,NA,-0.2098818731879018,7ab7ccce-678f-4e1e-afac-97a10626613a
418,NA,-39.733566702775484,3c603370-b004-4265-802d-c71574eda3fa
419,NA,-47.864705228941595,640af165-9574-4e29-a6ba-2d04cbf22c5d
420,NA,-11.839154457980143,bdb62a86-c15d-4505-92fc-91384aa2cfd2
421,NA,-19.93163345992111,891cdc8f-5bda-455c-81f7-cac85d470368
422,NA,-28.500701944895724,9460e172-628a-4cc0-bd66-ae2635b858bc
423,NA,1.427719542950037,437aca11-9d03-4e9e-82d1-6acf2ccc8738
424,NA,-13.564813512856858,7bb50c4c-9d31-4cbf-bf0d-c0f1194b3bdf
425,NA,-31.974997349248085,0bf230e0-4ba6-4fcd-a32b-8ae82ed87e33
426,NA,-40.30645451888359,35b681b7-178f-4057-be97-096cf9b8d1ab
427,NA,-74.7660479274331,8befb9ff-1628-4469-9b84-4fa9c72efd19
428,NA,-22.986873727468208,8b2404ad-3251-4661-a680-a79227f79fe9
429,NA,-28.572241044020892,58966ed8-3591-4c18-8dbe-0cf5bb5f75a9
430,NA,-29.089881109176513,415b79c0-10e4-403a-9d45-dba9a7b7dae6
431,NA,-11.679614069318163,3eab23e9-4fbc-4acf-b9a8-9f5b613e3154
432,NA,-42.32800526363371,7241900e-f913-49b9-970f-74f571a3a47d
433,NA,-32.75935425860798,f069599f-19ca-44eb-b0cb-52eeefc35b82
434,NA,3.5091040960131648,d097d365-93c6-406b-a3fd-31416eba96a0
435,NA,-30.412857753007938,3a4f25a2-0d9c-4a3b-9ed7-92cf599ad714
436,NA,-58.5768564251727,6e767c5a-d5a2-4052-99e2-163c0f5f106b
437,NA,-6.565061844645,437a7292-1c08-4f71-b59b-2749a08af81e
438,NA,-12.03905513076424,bf9f6420-579f-40ed-9be5-dee24e8975cd
439,NA,-68.72339015113407,765f93ff-94a2-423d-949d-c6fba247f056
440,NA,-2.8163249199647318,8c9fd28a-2b4d-4af0-a3e5-089e7405636c
441,NA,-17.57519069763946,78c9a15d-7bdb-423b-aa86-2ba438414d46
442,NA,-2.1206597114177566,56ae28a1-740a-4c08-8ca5-2e88b449d741
443,NA,-3.2793157057721105,584d7e61-e2a6-417a-b1e7-bd48fada04fd
444,NA,-55.060324996959125,245a08d4-fcda-4bbf-b213-6e815d914e1d
445,NA,-36.32002446063158,829c5a9a-cc8f-48f9-8a44-7abe9e57d67f
446,NA,-23.795905364194905,e0ad3f97-ddf5-40d6-abbd-2e0770b755bc
447,NA,-30.724822388426904,ea2f3ea8-e62f-4de4-a70d-807fba91874f
448,NA,-45.4261075658635,042bb5d0-32af-4905-a09f-6baa2133ac78
449,NA,-53.7998756730989,0512be6b-9c9d-40b5-9ece-3a6c9ac4ecf8
450,NA,-17.47678159966385,47b71b49-52e7-4044-96e4-cb79775b50ca
451,NA,-11.853285015759505,e37c9183-b6d0-4800-971d-6a0a70ba7c77
452,NA,-12.301574367235782,8b416c74-f913-4e37-9b2a-cb0bf92b1819
453,NA,-6.833358673307687,9b2a6e97-406d-4f56-8501-724de5137139
454,NA,-9.35509411254655,34c34585-fae1-4b0b-934b-4950b557063a
455,NA,1.2728959099070827,6aa28bec-36c5-4a17-b0c4-c3fc24c4f050
456,NA,-16.104678940824414,2fc30776-1bf8-4481-9145-4e3dc5556aca
457,NA,-42.68211235759201,6a98f206-8b72-4b16-af6a-ec568019fc7c
458,NA,-40.24899885224231,3e4041a1-13b5-48de-b952-0dcee41c4232
459,NA,-30.353296095946558,11f1bcdf-e5f6-484c-8cdc-347dcee69169
460,NA,-27.952607094943453,36bbd5d9-b082-4cb7-9a72-2dbf857cd5f0
461,NA,-38.24509107290596,8cd4eabb-e640-4172-ae74-c1c79784d1aa
462,NA,-24.273890811181722,a8bb4e74-6afc-4697-aeb2-f9e7ba2244a7
463,NA,-7.79757458628208,05d0a2e7-0395-493c-a415-6f695b001786
464,NA,-68.5413338097068,cb46c9fe-19d7-4915-a3d1-1f4c067193f7
465,NA,-2.612269923956021,73f5210f-43d7-4859-89ba-5ef66f7bf66d
466,NA,-57.57466484813471,bb208a71-73d0-49cf-8311-d88d612434cd
467,NA,-37.740226170008015,86a0a3ab-d3bc-4897-b6ed-97246cccc122
468,NA,-14.581194718756336,91338366-f042-4ae8-8b8e-06de5bbc98b6
469,NA,-67.33370626580107,c8e98775-a1b4-4e5a-9689-c7d585ec25c3
470,NA,-14.1397172482328,cb5a1aac-6103-47b4-bfdf-b73ce075edbf
471,NA,-29.862848107380934,4092345f-2795-4070-a761-79e45419e6e2
472,NA,-28.601735745419376,a50f8982-3770-4645-8fa0-70cde24d65f2
473,NA,-11.733816126877556,35f0d6a3-a27f-4359-b9d1-75c915f311fd
474,NA,-26.58992671347838,ca55d5a0-2924-47d3-ad98-e0b6fe3aa95f
475,NA,-23.209756751045738,6bf245e5-f2c6-48af-8490-9e18981c1c28
476,NA,-8.120538747045579,b0a83827-e3bd-4458-95cd-7a5b1ef6c5c4
477,NA,-36.49974258666553,7cb9f1c6-e4c9-4559-a194-ad9ab9817722
478,NA,-8.238019443864957,46d107c6-2399-4c65-8b5c-5b21fd26896d
479,NA,8.715979874086303,920c2cf9-7811-4330-a17a-fcd12da4b654
480,NA,-40.11359262876109,a7ce6542-1cb5-456d-b071-0db4090869c7
481,NA,-5.54710827129312,7914c6cf-464e-4e63-80f6-47f10cc90f35
482,NA,-24.899246002193408,aa74d8a8-4089-477b-bf4e-25bb23cda909
483,NA,83.37113151192374,81f8bb11-911d-4c35-b636-6d2bd272d94c
484,NA,-44.10526396721943,d81e80a3-8a10-4d42-81fd-3cebaa3a2c33
485,NA,-43.47099456386222,c4466851-a97d-4bd4-9329-a75ecc915692
486,NA,-60.02429849585779,c59d226c-73f2-4d14-8af9-5130673f9cd7
487,NA,-5.431228782734727,77814f14-2873-46fc-b542-70d3a11dd2ee
488,NA,-18.38655968475927,0084369c-3778-4220-9846-f1193b48e1db
489,NA,-16.289438725703718,c04d4ab8-8c79-4f44-9ad4-b71b0aca3194
490,NA,-70.0185218729884,61d0ab5a-a4fe-4f5a-8064-2b8703b7aab6
491,NA,-39.17380302145211,cb871791-fc35-4adf-90e6-0bb363558df1
492,NA,-46.01829374892533,208e125b-9e7b-48f5-b01c-05a55e7d9c27
493,NA,-27.661964624713693,ae4211c0-6c47-4fc8-9af5-fe0e4e416c57
494,NA,-27.672777356262184,730603d9-7613-469b-990b-1b79ab133290
495,NA,-21.348222842080457,eb949a80-5b60-4eb4-ae9e-e1cbf558722b
496,NA,-12.142968067818742,3b0707ac-1ec6-4222-94b0-3f743e127ca6
497,NA,-12.018664263991532,1c1742fd-f420-44f2-aff5-3eaabbf1ac53
498,NA,-8.750169721605719,057daf8b-fed8-45c7-a25a-27218a88cffb
499,NA,-37.95926275171719,b4cc5c0d-e888-467e-8b15-5be5fdeebdc9
500,NA,-146.00743897133728,53ecfda7-66bf-4040-ae72-47d5330f9b48
501,NA,-44.41056126099781,51170677-46ff-4ce7-babf-e5151d1af528
502,NA,-23.46557497931576,acc574a5-4c54-42b7-a60a-45017c7766a5
503,NA,-1.515336527926861,b7702969-1700-48d3-a296-826bab641154
504,NA,-4.596585341056507,af1598cb-dea5-45dd-861b-8c0df85f8951
505,NA,-41.38991626650694,01d0e31b-3978-4208-b963-bbaffe938aa7
506,NA,-39.18881292764853,9ae6e738-0411-4974-925a-8eee9eebdb47
507,NA,-28.90927900920112,7bb80284-9ca7-48de-9d04-a5b0b6a15b68
508,NA,-35.54615385861856,52ead51d-c3eb-4915-8c87-773c06b31779
509,NA,-34.593120668618745,235b04f8-cfb4-49ab-93c0-e9dd4cbe4e46
510,NA,-60.12430685595647,2674a752-7508-4135-a3c0-0190af6bc28d
511,NA,-26.470743356951818,134d5e37-f09a-4b4f-8525-d1a9bb892d16
512,NA,-11.825553425590876,214efa45-5afd-4e99-a9df-1f6588a9a7c3
513,NA,-6.36834212829851,18a7b399-dbb9-46ba-8fcb-9ca06a80cd36
514,NA,-3.453316483758218,ad727ebe-3cd4-438e-9851-f48925496cd5
515,NA,-20.66420355969008,8e5575ad-3be4-46f9-a12b-c45db5fd677f
516,NA,-9.748579094666503,4d4134d3-87a8-449a-a6e4-587f1cfebdac
517,NA,-42.513570202303804,f95178e5-2a8a-47bb-8d2c-81a43aed448b
518,NA,-8.030727429955377,9d836659-e290-4424-bc0a-c2205355367b
519,NA,-27.43354393778435,dddbb4fe-4c79-4f38-9105-1caf7678e971
520,NA,2.5157822570718538,9ed0c44a-f621-4b68-97ce-e9dd91b13e19
521,NA,-28.095592653517027,13ef9249-7f76-4e49-a122-07df68c278b7
522,NA,-18.849063048913216,813798a6-fbf5-442a-829c-7f7eb5062dbf
523,NA,-37.01563567617807,89e9e5fd-875b-4574-81f8-016eb83d32d1
524,NA,-58.24557660953773,f5bbc13e-b623-4367-bb4d-2a11e361bc6c
525,NA,-47.08183736908702,4058da17-e1bc-421d-aed0-e274a1de309a
526,NA,-5.358439347649663,44f36689-d1f0-49e8-a34d-5adecf1bd738
527,NA,-4.762552119448472,39f3c070-92e1-44ca-bd4e-734951ea866c
528,NA,-53.872220773539766,b8a15bab-7f54-48ef-9a53-6c6440320e69
529,NA,-20.926952070724184,23f73021-f645-42d2-a7a6-73ac5253b4b3
530,NA,-50.483073641847106,651885e8-5c08-40b1-87f9-016c5d2bc05e
531,NA,-18.173368962960488,16dc7ba3-504b-4fa1-8c04-78c1e9678de9
532,NA,-14.567446900170676,459d88a6-447d-4a66-afa4-4a5c100870ef
533,NA,-19.562306963713883,ea43f199-daca-48c9-941c-d8af399e2709
534,NA,-0.7171764160407516,f3c2f1c2-7ccb-4cde-840c-888c1a062858
535,NA,-27.10195855054728,eae662fc-ac62-4d3e-adbe-d8f7dafaac03
536,NA,-38.54610731132959,646acf23-d998-46bc-a5cc-998c7cff6924
537,NA,-9.49800264300954,2276c28c-bc2c-4b46-a3bc-8e0bfd230435
538,NA,-21.770279195487735,9c26acca-6c08-4d28-8f97-96b33d756d34
539,NA,-50.96985409821551,31f02a50-fe5b-4193-b945-96b9fa26ded2
540,NA,-34.120593229354085,79551526-ab6b-4ceb-a0bb-eb81573ddd11
541,NA,-33.84811046225984,039a08ac-3493-45b3-80a6-82be78c018cf
542,NA,2.959051521568641,cfbc5655-64b8-4adf-85b2-3176defb6c42
543,NA,-20.83885077668237,bbc57772-6462-4efb-9bf3-e7af4b4852b4
544,NA,-31.272997134761155,93e4a0a2-5bd8-4e50-a90d-e2ae88669aba
545,NA,-24.811635777921957,243b00db-d908-46ff-94fb-4c018b519abe
546,NA,-29.533593337068563,a2457e84-5cb8-46f3-b000-d38159a8bf71
547,NA,-7.587585440372845,3e3fd4dd-1a2c-49ca-bb92-b91e33ecc3f1
548,NA,-1.258014589353746,99d87ee6-32a4-434a-b0d7-e69d0c74c142
549,NA,-25.35160128503428,f5f63b6b-a693-460f-a25c-69e3b0944a8e
550,NA,-17.353580375883634,8bba1103-8b79-4013-8a93-48f4b8839d3d
551,NA,-8.312432829583186,9ab8e15f-8382-4e56-af5a-f34c966f8153
552,NA,-41.59315720725032,9c0122db-33a6-4fb7-873e-12838fc7f8f0
553,NA,-49.976071627643776,9c5e10db-2868-4af7-bed7-3fd2a079b9b8
554,NA,-17.093948446326195,6c3a4e3b-869d-4c0d-af52-932a177dd60e
555,NA,-14.650187526764817,34d18f65-8968-47f7-a5da-b8fc26c2bcf5
556,NA,-37.40652137660035,1d986e93-94bf-41b6-8cae-14d38d1f484e
557,NA,-17.980740481102558,90b2eecc-f3ee-4ad1-b89e-74691079b20e
558,NA,-11.472375417462338,3aee8270-bb98-4850-a484-fc7b398c3445
559,NA,-47.38296459896237,b19c86ab-16ae-41d3-a2cd-34e0b64bb23c
560,NA,-17.395699251281037,b8b261ea-afc3-48b5-9660-eb2ad1c525f8
561,NA,-30.599536624553934,9c2dbecc-f1db-4b43-88e5-e6898bb9a4b0
562,NA,-25.689153509117578,566d5a5c-9035-4945-89f1-f1101bff18ff
563,NA,-29.17565679123928,424c3596-43fd-4d5a-ba74-2bdc7341912c
564,NA,-33.96276306023654,24f595db-d21f-41bf-88c9-0e084fcc97b0
565,NA,-26.311875486560577,40f50e4f-9834-4f9f-b6c8-c8b05715eb89
566,NA,-24.453160553114508,f8c97003-66ad-4bd5-a85c-20a5fd918124
567,NA,-7.241972759627721,d718d93b-84ae-4b17-9a3b-5d6e2ee9fda5
568,NA,-20.363230989923952,3d05e9c9-36ba-445f-a51d-b4091f8d38b4
569,NA,-26.92234625675872,34bd8571-2333-49bc-a72a-3ec0218c0607
570,NA,-40.96599603155863,6ce73d9b-3037-437d-862a-8f8b87a09fe0
571,NA,-9.171891460263968,0a3d9bab-7802-4ae9-8ab2-56baa97563d9
572,NA,-13.445425399679792,5734ffbf-7b87-4a66-9e28-71e283e1c06d
573,NA,-29.13258627332932,48971185-4abe-4951-8e9a-cbdec7caaeae
574,NA,-26.680959136891538,1869f9e5-b9b7-4a59-86f8-6d327a180dbc
575,NA,-40.35068657021657,4999a004-b9d4-4f1a-95a9-24ba6c2888ad
576,NA,-44.522191968699715,3072eff6-2b2a-4a85-a9f9-8d7e122a200f
577,NA,-10.918918584661906,1af5437e-a89c-4986-bd93-80b73f653bd7
578,NA,-26.394565842059958,cfb8e34b-3927-45ab-92aa-d698d9642cad
579,NA,-22.835483112855478,e53e9d32-8714-47b7-b345-c946ad2ccfcc
580,NA,-34.306088168905326,bf96da08-98b9-4f16-95f6-c73f1e70c312
581,NA,-61.263431489002855,6547f9b3-6299-48a8-bd2f-729cb5e17f79
582,NA,-25.21047498289115,66b391e7-dacd-4fe0-928e-bb98edf29b9d
583,NA,36.6656412440259,69c1ba64-b5f8-4a80-b081-1aa83b273d88
584,NA,-35.86542282736861,c00f7120-4106-4f03-a967-e80a35e311ce
585,NA,-76.04130501813334,96acf848-ff7c-422f-8c2e-616e340a751d
586,NA,-20.92878007876548,11e50f83-6857-4dc8-8fd3-2f4c9a165b1a
587,NA,-46.973314927676185,bc0b8c97-4f8e-4916-bebe-267f4b55460f
588,NA,-16.549459900385408,1b99113f-4d98-4ea5-acd2-7b71b99f2bd0
589,NA,-1.9128200378622846,a44cc07f-e677-4d4f-a7b8-63bdc310d195
590,NA,-22.02223796787603,b0e4c150-579e-4df9-ab6d-35da25c995dc
591,NA,-4.701760886824998,e35fb22b-b902-4d1f-97f6-840d3f499947
592,NA,-16.080071112462495,368effd8-38b4-48f8-8405-642bc28900b6
593,NA,-32.168426407209175,a9e9a28c-f7b9-4e72-9abd-d9aaf61ea1e8
594,NA,-19.203574461394773,d0655562-fde7-45c1-8cbf-35addbd5753b
595,NA,-3.8464281394599213,6f73a012-899f-46a6-963f-4c04a3c6af2b
596,NA,-11.002135666531315,f2c86905-31e6-47d9-984c-b83c6cb696e7
597,NA,-54.73891753674381,997d54bb-066b-4b62-a6f7-7963a75b8f65
598,NA,0.603660820194542,b9d646c1-50ea-4bc9-9693-349207a8b348
599,NA,-23.147602007823846,4ec84128-c55d-4755-9364-5d7d3a7da156
600,NA,-27.110363531573665,bd4fa75d-d413-419e-b203-ee7b3df1d1f4
601,NA,-14.315825654042465,0ca9db0d-531f-42f6-a244-fbfe435ce7ce
602,NA,-61.433160746284294,86f3d378-0e63-4a01-b485-b23246eac9b4
603,NA,-49.97946715575878,d2fd4030-88b6-48aa-99e8-59a808a3b870
604,NA,-16.96411363928903,1f986941-841d-44d4-95f9-c3d4fcb71c04
605,NA,-51.01731369092085,9c6906c3-a740-4231-88eb-54954e3ee8f6
606,NA,-1.9679537158982368,93e213e6-fb7d-4a3a-906b-f297bef94e8b
607,NA,-24.392753464158716,676ebe30-6ee9-46ef-a6ba-fe916fd4893c
608,NA,-29.323270085433563,d28e65a1-7f1c-45b2-b74f-0f7a1ff11787
609,NA,-18.297693515451854,b1c573a4-6b8b-4d5f-9c9d-fe87d723cbb3
610,NA,5.209845109946208,ff48f222-2f62-4f5d-bb46-0c13a2d5afd8
611,NA,-0.4306030737948602,979bb0f5-7e4e-44c2-8135-14bb3fde1bc6
612,NA,-20.014713832444013,f7b21076-fac1-4cb4-85a1-d293504b88e8
613,NA,-12.087750450139817,31deafec-e666-4cc6-8f3a-857a3b6b6ed0
614,NA,-68.3400788368656,18ada3a8-1e1c-418e-91a2-8f315e995319
615,NA,-31.168364990395716,a117e882-116e-4468-9371-aaf83a708a74
616,NA,-21.261116374422176,d705d53d-7b72-4a4c-b0fb-5c8cb551e634
617,NA,-29.119082125891545,dae2b261-53e4-4944-bef7-4a36fb77fa07
618,NA,-20.019460450450282,169e2872-37bb-4091-bc4f-e23b506f6f4f
619,NA,-3.5455409788328844,9afd63d7-b2ad-4b3a-9b31-fd1e9cb397a9
620,NA,-32.0511051947843,9fd459e5-13e0-4a7e-a3b5-cea50ca677ad
621,NA,-26.446449563825666,f43c0be3-6cd7-4b0c-aa2f-5d79bbd5631c
622,NA,-26.339246285483437,4d3f23b7-71d2-4787-9279-e817961ca6c0
623,NA,-22.387293257695916,2c72d011-d410-4fed-be75-6d2d1a0e5d68
624,NA,-20.50501663204085,4056b190-7cec-46d3-a4ee-6f76934ba58d
625,NA,-34.60332345968273,2b0f7ab4-6b00-4803-9547-3ff162048cdd
626,NA,-12.864419900756456,f14a2c05-690d-440a-b609-3f843d4c30a1
627,NA,-53.78322081965955,56ba32c5-5ff7-4376-9acd-2deeb552dac2
628,NA,-11.833709857263207,77c3097b-b711-43d9-9431-e27153899d55
629,NA,-25.873924751407436,dffef1f3-64ff-4272-9290-ae77b1ab8409
630,NA,-38.37334287801269,9f909512-d56f-4fcf-b5a3-c09f6599376c
631,NA,-16.1606902885765,a825833a-556e-434e-9b0f-68e12579648d
632,NA,-16.28112356452091,1a07e67a-d516-4957-b1fe-305a7f7f7a69
633,NA,-50.60611183079079,d21ae98f-83e8-4ce8-9554-37998bdcc2ff
634,NA,3.618192865310185,d87075e1-ac28-4d7c-84d9-ab7847b353db
635,NA,-5.772662735731313,226ea4c8-457a-4db4-a48a-473d3323842f
636,NA,-66.46254276127009,a775c855-db88-42ef-9c02-d5f6459f8bd8
637,NA,-24.33275502310684,1bed3d23-47f1-43ce-8572-879c0d4df6b6
638,NA,-67.71455918586857,a80ff9ec-2e05-4f19-9995-be1ded568b31
639,NA,-34.80509533734442,665ce266-2e04-4dbd-a714-90425aaa3a25
640,NA,3.1850593937270584,460a0ee4-9f91-46ce-9121-fdbb30efa9cc
641,NA,-34.968926056899754,6becdda4-cd0f-45ff-b993-f577338ed0c7
642,NA,-36.9285449832837,1514f0e4-4726-47e1-af26-140ff7fb0490
643,NA,-19.447625155495167,93c623c5-5ca3-44d8-8871-955a94778cc2
644,NA,-63.585213889779496,3ee8fe71-e80d-47ba-8c22-3ad14d6f896e
